first_name,last_name,email,gender,age,car,job,favorite_film
Jemmy,Labbey,jlabbey0@state.tx.us,Female,54,Mitsubishi,Environmental Tech,Thriller
Stefano,Misken,smisken1@yelp.com,Male,79,Subaru,Biostatistician II,Thriller
Brynn,Mullinder,bmullinder2@sohu.com,Female,40,Ford,Account Executive,Drama
Marty,Skitch,mskitch3@alibaba.com,Male,21,Porsche,Geologist III,Romance
Franzen,Speed,fspeed4@ustream.tv,Male,24,Toyota,Senior Quality Engineer,Thriller
Valentin,Najera,vnajera5@umn.edu,Male,62,Dodge,Environmental Tech,Thriller
Conan,Stranks,cstranks6@cloudflare.com,Male,23,Buick,Health Coach IV,Action
Rahel,Flook,rflook7@amazon.com,Female,43,Ford,Financial Advisor,Comedy
Ulric,Cervantes,ucervantes8@washingtonpost.com,Male,49,Lincoln,Senior Sales Associate,Action
Vince,Davidsohn,vdavidsohn9@nbcnews.com,Male,36,Porsche,Geologist IV,Drama
Tarrance,Groombridge,tgroombridgea@wordpress.org,Male,45,Buick,Office Assistant III,Thriller
Corrina,Giottoi,cgiottoib@auda.org.au,Female,27,Chevrolet,Budget/Accounting Analyst I,Thriller
Anabella,Mahood,amahoodc@redcross.org,Female,62,Isuzu,Human Resources Manager,Drama
Darcee,Petroff,dpetroffd@oracle.com,Female,47,Dodge,Research Associate,Comedy
Alexio,Hammerich,ahammeriche@creativecommons.org,Male,74,Dodge,Account Executive,Thriller
Brant,Goadby,bgoadbyf@shop-pro.jp,Male,41,Toyota,Structural Analysis Engineer,Thriller
Rozalin,Oxtaby,roxtabyg@google.co.uk,Female,70,Volkswagen,Account Coordinator,Drama
Willette,Mathy,wmathyh@bandcamp.com,Female,30,Mazda,Design Engineer,Drama
Charyl,Haggerston,chaggerstoni@jigsy.com,Female,29,Aston Martin,Account Executive,Thriller
Phillida,Highwood,phighwoodj@alibaba.com,Female,20,Chevrolet,Human Resources Manager,Drama
